trial,state,final_val_score,last_epoch,lr,base,alpha,dropout,latent_ch,batch_size
0,finished,1.1144884467124938,4,0.0003574712922600243,48,0.8186326600082204,0.02,32,32
1,finished,1.0780099749565124,4,0.00010725209743172,48,0.6310531130891188,0.02,32,32
2,finished,0.880757349729538,4,0.0008012737503998541,64,0.520902685723999,0.02,128,64
3,finished,1.0578827142715457,4,0.0007896186801026692,64,0.6980686221828205,0.02,64,32
4,finished,1.1152133226394654,4,0.00015144860262751404,64,0.5831845049864872,0.02,32,32
5,finished,0.8471274197101593,2,0.0027051668818999287,48,0.646398648843469,0.02,128,64
6,finished,0.9120886445045472,2,0.00037507963596256056,48,0.9440991214702328,0.02,128,64
7,finished,0.9283745527267456,2,0.0013826083091896758,32,0.5521410767863084,0.02,32,32
8,finished,0.8975869476795196,2,0.0018832519048593583,64,0.7124967163228771,0.02,128,32
9,finished,0.8611287653446198,2,0.00015019490572374368,32,0.548551142146987,0.02,64,64
