type,severity,oracle_ssim,oracle_psnr,pred_ssim,pred_psnr,in_ssim
blur,high,0.7644,22.5278,0.7644,22.5278,0.7316
blur,low,0.7883,22.5809,0.7885,22.5852,0.958
blur,medium,0.7886,22.7103,0.7886,22.7103,0.8417
clean,none,1.0,,0.9976,,1.0
occlusion,high,0.6372,19.0212,0.6372,19.0212,0.6124
occlusion,low,0.7198,21.0912,0.7229,21.1437,0.8608
occlusion,medium,0.6854,20.1986,0.6856,20.2174,0.7464
salt,high,0.7563,22.3913,0.7563,22.3913,0.1897
salt,low,0.776,22.5723,0.776,22.5723,0.5884
salt,medium,0.7702,22.5275,0.7702,22.5275,0.3221
